{
    "config": {
        "0$wzU4m$v2YPDF4Flkwi3N": {
            "position": [
                0.3617162843487487,
                -0.322606680360529
            ],
            "rotation": 0.8420221674293943
        },
        "0oDvQ9RC95vAJQgDC4qleS": {
            "position": [
                0.18228763222194244,
                0.794555452710269
            ],
            "rotation": 3.5724288775337993
        },
        "1YYYN5rmn9cw2i3WtpUoOu": {
            "position": [
                -0.9902039132873066,
                0.6011672413477003
            ],
            "rotation": 1.1403881404533425
        },
        "1pOIX0w4DFAwwwE7FwUnXc": {
            "position": [
                0.5891543983436314,
                0.3153009978012953
            ],
            "rotation": 3.9332083850995265
        },
        "3W2uaFtGT4Rha5S8C67Dqk": {
            "position": [
                -0.8983330761030457,
                -0.9017647124999197
            ],
            "rotation": 2.946845821445023
        }
    },
    "creator": "FactorySimLive"
}