{
    "0": {
        "config": {
            "0": {
                "position": [
                    -0.30818055936588856,
                    0.6840503778771454
                ],
                "rotation": 0.6001330925688098
            },
            "1": {
                "position": [
                    -0.23032590368924855,
                    -0.8422883935259616
                ],
                "rotation": 0.7491849564213713
            },
            "2": {
                "position": [
                    0.28835952238531937,
                    -0.7157837185204468
                ],
                "rotation": 0.13207938263168903
            },
            "3": {
                "position": [
                    -0.8508360569556874,
                    0.0030786690829920187
                ],
                "rotation": -0.7033377752583458
            },
            "4": {
                "position": [
                    0.5275285835931409,
                    -0.19981610326269159
                ],
                "rotation": -0.5078382134304936
            }
        },
        "creator": "Hendrik Unger",
        "fitness": 0.7679122121219689,
        "individual": [
            -0.30818055936588856,
            0.6840503778771454,
            0.6001330925688098,
            -0.23032590368924855,
            -0.8422883935259616,
            0.7491849564213713,
            0.28835952238531937,
            -0.7157837185204468,
            0.13207938263168903,
            -0.8508360569556874,
            0.0030786690829920187,
            -0.7033377752583458,
            0.5275285835931409,
            -0.19981610326269159,
            -0.5078382134304936
        ],
        "problem_id": "2"
    },
    "1": {
        "config": {
            "0": {
                "position": [
                    -0.3081805593655557,
                    0.6840503778359954
                ],
                "rotation": 0.6001330933085545
            },
            "1": {
                "position": [
                    -0.23032590368423989,
                    -0.842288411910792
                ],
                "rotation": 0.7491849544493978
            },
            "2": {
                "position": [
                    0.2883595098428481,
                    -0.7157837185221995
                ],
                "rotation": 0.13207926556678007
            },
            "3": {
                "position": [
                    -0.8508360747749453,
                    0.0030786426017080917
                ],
                "rotation": -0.7033377752575746
            },
            "4": {
                "position": [
                    0.5275285835936231,
                    -0.19981609957995894
                ],
                "rotation": -0.5078382132299418
            }
        },
        "creator": "Hendrik Unger",
        "fitness": 0.7679122118614184,
        "individual": [
            -0.3081805593655557,
            0.6840503778359954,
            0.6001330933085545,
            -0.23032590368423989,
            -0.842288411910792,
            0.7491849544493978,
            0.2883595098428481,
            -0.7157837185221995,
            0.13207926556678007,
            -0.8508360747749453,
            0.0030786426017080917,
            -0.7033377752575746,
            0.5275285835936231,
            -0.19981609957995894,
            -0.5078382132299418
        ],
        "problem_id": "2"
    },
    "2": {
        "config": {
            "0": {
                "position": [
                    -0.3081805593659037,
                    0.6840503778465608
                ],
                "rotation": 0.600133090393786
            },
            "1": {
                "position": [
                    -0.23032590368827138,
                    -0.8422883988639387
                ],
                "rotation": 0.7491849578970917
            },
            "2": {
                "position": [
                    0.28835952591769437,
                    -0.7157837185224379
                ],
                "rotation": 0.13207941318894129
            },
            "3": {
                "position": [
                    -0.8508360993283826,
                    0.0030786652246734525
                ],
                "rotation": -0.7033377752584589
            },
            "4": {
                "position": [
                    0.5275285835938582,
                    -0.199816098314352
                ],
                "rotation": -0.5078382134333674
            }
        },
        "creator": "Hendrik Unger",
        "fitness": 0.7679122117211331,
        "individual": [
            -0.3081805593659037,
            0.6840503778465608,
            0.600133090393786,
            -0.23032590368827138,
            -0.8422883988639387,
            0.7491849578970917,
            0.28835952591769437,
            -0.7157837185224379,
            0.13207941318894129,
            -0.8508360993283826,
            0.0030786652246734525,
            -0.7033377752584589,
            0.5275285835938582,
            -0.199816098314352,
            -0.5078382134333674
        ],
        "problem_id": "2"
    },
    "3": {
        "config": {
            "0": {
                "position": [
                    -0.3081805593656304,
                    0.6840503778789142
                ],
                "rotation": 0.6001330961105658
            },
            "1": {
                "position": [
                    -0.23032590368812916,
                    -0.8422884116836673
                ],
                "rotation": 0.7491849758257588
            },
            "2": {
                "position": [
                    0.2883595163573863,
                    -0.715783718521496
                ],
                "rotation": 0.1320792547761199
            },
            "3": {
                "position": [
                    -0.8508361804313381,
                    0.003078625217110214
                ],
                "rotation": -0.7033377752588247
            },
            "4": {
                "position": [
                    0.5275285835917599,
                    -0.1998161008859055
                ],
                "rotation": -0.5078382134458885
            }
        },
        "creator": "Hendrik Unger",
        "fitness": 0.7679122114968006,
        "individual": [
            -0.3081805593656304,
            0.6840503778789142,
            0.6001330961105658,
            -0.23032590368812916,
            -0.8422884116836673,
            0.7491849758257588,
            0.2883595163573863,
            -0.715783718521496,
            0.1320792547761199,
            -0.8508361804313381,
            0.003078625217110214,
            -0.7033377752588247,
            0.5275285835917599,
            -0.1998161008859055,
            -0.5078382134458885
        ],
        "problem_id": "2"
    },
    "4": {
        "config": {
            "0": {
                "position": [
                    -0.30818055936586924,
                    0.6840503778527675
                ],
                "rotation": 0.6001330861045906
            },
            "1": {
                "position": [
                    -0.23032590368805114,
                    -0.8422884181723258
                ],
                "rotation": 0.7491849562022947
            },
            "2": {
                "position": [
                    0.2883595184879817,
                    -0.7157837185211273
                ],
                "rotation": 0.13207940467127247
            },
            "3": {
                "position": [
                    -0.8508360600997932,
                    0.003078666981341734
                ],
                "rotation": -0.7033377752583255
            },
            "4": {
                "position": [
                    0.5275285835941894,
                    -0.19981609803177655
                ],