{
    "0": {
        "fitness": [
            0.6882864733149222
        ],
        "individual": [
            -0.7765671542622543,
            -0.5824102888812959,
            -0.8803220195058499,
            -0.7086996084307406,
            -0.1858019041697796,
            0.7255497058561313,
            -0.08810225023262319,
            0.8449257128262042,
            0.9678178659591996,
            0.5567669941475237,
            -0.8610552304588073,
            0.010004050797294495,
            -0.8242145202109983,
            0.43525367827161454,
            0.0020895502067270755
        ]
    },
    "1": {
        "fitness": [
            0.6651751460629383
        ],
        "individual": [
            -0.5455225564304462,
            -0.9547559272474737,
            0.3238330294537901,
            0.6552623439851641,
            0.2633287982441297,
            -0.8935657845833678,
            -0.2909480637402633,
            0.8449257128262042,
            0.23535063008008184,
            0.5567669941475237,
            -0.8254481494393064,
            -0.06655799254593164,
            -0.8242145202109983,
            0.43525367827161454,
            0.36609790648490925
        ]
    },
    "2": {
        "fitness": [
            0.6584624270531315
        ],
        "individual": [
            -0.7765671542622543,
            -0.9726075432596768,
            -0.8803220195058499,
            -0.7086996084307406,
            -0.1858019041697796,
            0.7255497058561313,
            -0.08810225023262319,
            0.8449257128262042,
            0.9678178659591996,
            0.5567669941475237,
            -0.8610552304588073,
            0.010004050797294495,
            -0.8242145202109983,
            0.43525367827161454,
            0.0020895502067270755
        ]
    },
    "3": {
        "fitness": [
            0.6388989024669128
        ],
        "individual": [
            -0.5455225564304462,
            -0.9547559272474737,
            -0.8803220195058499,
            0.6552623439851641,
            0.2633287982441297,
            0.8172205220454709,
            0.26864309731461566,
            0.8449257128262042,
            0.23535063008008184,
            0.5567669941475237,
            -0.8047907533110059,
            0.5558332805409867,
            -0.8242145202109983,
            0.43525367827161454,
            0.36609790648490925
        ]
    },
    "4": {
        "fitness": [
            0.6128971190112464
        ],
        "individual": [
            -0.5455225564304462,
            -0.9547559272474737,
            -0.8803220195058499,
            -0.3254085982811472,
            0.2633287982441297,
            0.5161754801707477,
            -0.2909480637402633,
            0.8449257128262042,
            0.7725100365467823,
            0.5567669941475237,
            -0.8600734367026788,
            -0.06655799254593164,
            -0.5684889417948558,
            -0.6914210158649043,
            0.0020895502067270755
        ]
    },
    "5": {
        "fitness": [
            0.6108764839789191
        ],
        "individual": [
            -0.4372322159560069,
            -0.9726075432596768,
            0.3238330294537901,
            0.11406430468255668,
            0.2633287982441297,
            0.7255497058561313,
            0.26864309731461566,
            0.8449257128262042,
            -0.4561504590479093,
            0.5567669941475237,
            -0.8610552304588073,
            -0.06655799254593164,
            -0.8242145202109983,
            0.43525367827161454,
            0.0020895502067270755
        ]
    },
    "6": {
        "fitness": [
            0.5978342403616153
        ],
        "individual": [
            -0.522685914797866,
            -0.9689300330174775,
            -0.8803220195058499,
            0.11406430468255668,
            0.2633287982441297,
            -0.6658012317316715,
            0.26864309731461566,
            0.8449257128262042,
            0.23535063008008184,
            0.5567669941475237,
            -0.8047907533110059,
            0.5558332805409867,
            -0.8242145202109983,
            0.43525367827161454,
            0.0020895502067270755
        ]
    },
    "7": {
        "fitness": [
            0.5784744693668524
        ],
        "individual": [
            -0.7654904870039958,
            -0.9547559272474737,
            -0.8803220195058499,
            -0.3254085982811472,
            0.7251524902807076,
            -0.6710394376965783,
            0.26864309731461566,
            0.8449257128262042,
            -0.040491608970709914,
            0.5567669941475237,
            -0.8610552304588073,
            -0.06655799254593164,
            -0.8242145202109983,
            -0.4600502379508893,
            0.36609790648490925
        ]
    },
    "8": {
        "fitness": [
            0.5648773448656356
        ],
        "individual": [
            -0.7423193413886817,
            -0.9609797789401431,
            -0.8803220195058499,
            0.48570377198347847,
            0.2633287982441297,
            0.5161754801707477,
            -0.2909480637402633,
            0.9413960487898065,
            0.7862422426443954,
            0.5567669941475237,
            -0.8632691393523075,
            0.010004050797294495,
            -0.5882811561768981,
            0.43525367827161454,
            -0.819511712947522
        ]
    },
    "9": {
        "fitness": [
            0.5551659822763494
        ],
        "individual": [
            -0.5455225564304462,
            -0.9921873663532068,
            -0.8723654877916494,
            0.695564036224563,
            0.2633287982441297,
            0.4059742047775443,
            -0.2909480637402633,
            0.9413960487898065,
            0.7862422426443954,
            0.435056486148762,
            -0.8610552304588073,
            0.010004050797294495,
            -0.9123924684255424,
            0.7886978729856202,
            0.7209103568505661
        ]
    }
}