{
    "0": {
        "config": {
            "0": {
                "position": [
                    -0.8983330761030457,
                    -0.9017647124999197
                ],
                "rotation": -0.061989841974655624
            },
            "1": {
                "position": [
                    0.18228763222194244,
                    0.794555452710269
                ],
                "rotation": 0.13713942940747081
            },
            "2": {
                "position": [
                    0.6444270921876138,
                    0.7027703079541694
                ],
                "rotation": 0.2519791133981615
            },
            "3": {
                "position": [
                    -0.9902039132873066,
                    0.6011672413477003
                ],
                "rotation": -0.6370031808069518
            },
            "4": {
                "position": [
                    0.031430996016068136,
                    -0.7948419226702774
                ],
                "rotation": -0.7319760197213208
            }
        },
        "creator": "Hendrik Unger",
        "fitness": 0.5611052218737153,
        "individual": [
            -0.8983330761030457,
            -0.9017647124999197,
            -0.061989841974655624,
            0.18228763222194244,
            0.794555452710269,
            0.13713942940747081,
            0.6444270921876138,
            0.7027703079541694,
            0.2519791133981615,
            -0.9902039132873066,
            0.6011672413477003,
            -0.6370031808069518,
            0.031430996016068136,
            -0.7948419226702774,
            -0.7319760197213208
        ],
        "problem_id": "2"
    },
    "1": {
        "config": {
            "0": {
                "position": [
                    -0.5964357785618892,
                    -0.1974700716277733
                ],
                "rotation": -0.055634425035263835
            },
            "1": {
                "position": [
                    0.490376256657689,
                    0.15372191699518578
                ],
                "rotation": 0.70226219952387
            },
            "2": {
                "position": [
                    -0.8775465672589611,
                    -0.7903323942295868
                ],
                "rotation": 0.5388549417975435
            },
            "3": {
                "position": [
                    0.2965752920700926,
                    0.836890377133114
                ],
                "rotation": -0.8971127325678796
            },
            "4": {
                "position": [
                    -0.2049499508900141,
                    -0.8909993700174088
                ],
                "rotation": -0.4071908528662058
            }
        },
        "creator": "Hendrik Unger",
        "fitness": 0.49519524047802504,
        "individual": [
            -0.5964357785618892,
            -0.1974700716277733,
            -0.055634425035263835,
            0.490376256657689,
            0.15372191699518578,
            0.70226219952387,
            -0.8775465672589611,
            -0.7903323942295868,
            0.5388549417975435,
            0.2965752920700926,
            0.836890377133114,
            -0.8971127325678796,
            -0.2049499508900141,
            -0.8909993700174088,
            -0.4071908528662058
        ],
        "problem_id": "2"
    },
    "2": {
        "config": {
            "0": {
                "position": [
                    0.3125380786549803,
                    -0.9276745790106076
                ],
                "rotation": -0.9891403317425991
            },
            "1": {
                "position": [
                    -0.8966841659712022,
                    0.21185035529545537
                ],
                "rotation": 0.6029636217188306
            },
            "2": {
                "position": [
                    -0.522894358745223,
                    0.6988176858461459
                ],
                "rotation": -0.8855361196934792
            },
            "3": {
                "position": [
                    0.6019277072833524,
                    0.8555908603445608
                ],
                "rotation": 0.5442167982087611
            },
            "4": {
                "position": [
                    0.3962415679572744,
                    0.6759604373107662
                ],
                "rotation": -0.9196974009058672
            }
        },
        "creator": "Hendrik Unger",
        "fitness": 0.48809657530529227,
        "individual": [
            0.3125380786549803,
            -0.9276745790106076,
            -0.9891403317425991,
            -0.8966841659712022,
            0.21185035529545537,
            0.6029636217188306,
            -0.522894358745223,
            0.6988176858461459,
            -0.8855361196934792,
            0.6019277072833524,
            0.8555908603445608,
            0.5442167982087611,
            0.3962415679572744,
            0.6759604373107662,
            -0.9196974009058672
        ],
        "problem_id": "2"
    },
    "3": {
        "config": {
            "0": {
                "position": [
                    -0.7587796526045842,
                    0.9168583618019448
                ],
                "rotation": 0.9909289451672743
            },
            "1": {
                "position": [
                    0.6633999706098768,
                    -0.3780769801584676
                ],
                "rotation": 0.375330098332185
            },
            "2": {
                "position": [
                    0.4108127309680254,
                    0.5838048309155044
                ],
                "rotation": -0.209569341026268
            },
            "3": {
                "position": [
                    -0.9785447100486475,
                    0.37352575763372564
                ],
                "rotation": 0.050176605934522334
            },
            "4": {
                "position": [
                    -0.9588620844455762,
                    -0.7923312400250333
                ],
                "rotation": 0.6726085811004758
            }
        },
        "creator": "Hendrik Unger",
        "fitness": 0.4712460398110785,
        "individual": [
            -0.7587796526045842,
            0.9168583618019448,
            0.9909289451672743,
            0.6633999706098768,
            -0.3780769801584676,
            0.375330098332185,
            0.4108127309680254,
            0.5838048309155044,
            -0.209569341026268,
            -0.9785447100486475,
            0.37352575763372564,
            0.050176605934522334,
            -0.9588620844455762,
            -0.7923312400250333,
            0.6726085811004758
        ],
        "problem_id": "2"
    },
    "4": {
        "config": {
            "0": {
                "position": [
                    -0.6500999506183449,
                    0.6244814591050778
                ],
                "rotation": -0.19029007114693242
            },
            "1": {
                "position": [
                    0.5200299434880697,
                    -0.7168082228624506
                ],
                "rotation": -0.5863729449719366
            },
            "2": {
                "position": [
                    0.6823661770604925,
                    -0.19600443392080447
                ],
                "rotation": 0.5106603455894889
            },
            "3": {
                "position": [
                    -0.7992087087003814,
                    -0.4709203776973778
                ],
                "rotation": -0.6986540523735196
            },
            "4": {
                "position": [
                    -0.6410158553078251,
                    0.81420724431243
                ],
                "rotation": -0.9107018220514422
            }
        },