{
    "0": {
        "fitness": [
            0.7284825558140448
        ],
        "individual": [
            -0.8964167584948635,
            -0.4835316690090872,
            -0.01697365389432015,
            -0.8652513897339875,
            0.06947633825933286,
            0.9778978963531493,
            -0.2742422781914866,
            0.8824837917837269,
            -0.8742125340106577,
            -0.961562482689621,
            -0.8282798381000518,
            0.8405786016503034,
            0.5594174337596456,
            0.27186326454388876,
            -0.545950160491564
        ]
    },
    "1": {
        "fitness": [
            0.7284822249312483
        ],
        "individual": [
            -0.8964167584948635,
            -0.4835316690090872,
            -0.01697365389432015,
            -0.8652513897339875,
            0.06947633825933286,
            0.9778978963531493,
            -0.2742422781914866,
            0.8824837917837269,
            -0.8742125340106577,
            -0.961562482689621,
            -0.8282798381000518,
            0.8405786016503034,
            0.5594174337596456,
            0.29904975995800354,
            -0.545950160491564
        ]
    },
    "2": {
        "fitness": [
            0.7284804159337679
        ],
        "individual": [
            -0.8947075625794751,
            -0.4835316690090872,
            -0.01697365389432015,
            -0.8652513897339875,
            0.06947633825933286,
            0.9778978963531493,
            -0.2742422781914866,
            0.8824837917837269,
            -0.8742125340106577,
            -0.961562482689621,
            -0.8282798381000518,
            0.8405786016503034,
            0.5594174337596456,
            0.29904975995800354,
            -0.545950160491564
        ]
    },
    "3": {
        "fitness": [
            0.7279565579427839
        ],
        "individual": [
            -0.8947075625794751,
            -0.4835316690090872,
            -0.01697365389432015,
            -0.8652513897339875,
            0.06947633825933286,
            0.9778978963531493,
            -0.2742422781914866,
            0.8824837917837269,
            -0.8742125340106577,
            -0.961562482689621,
            -0.8282798381000518,
            0.8436776803173185,
            0.5707255294325888,
            0.29904975995800354,
            -0.545950160491564
        ]
    },
    "4": {
        "fitness": [
            0.727737727104575
        ],
        "individual": [
            -0.8964167584948635,
            -0.4835316690090872,
            -0.01697365389432015,
            -0.8652513897339875,
            0.06947633825933286,
            -0.96761362455609,
            -0.2742422781914866,
            0.8824837917837269,
            -0.8742125340106577,
            -0.961562482689621,
            -0.8282798381000518,
            0.8405786016503034,
            0.5594174337596456,
            0.29904975995800354,
            -0.545950160491564
        ]
    },
    "5": {
        "fitness": [
            0.7277375932353521
        ],
        "individual": [
            -0.8947075625794751,
            -0.4835316690090872,
            -0.01697365389432015,
            -0.8652513897339875,
            0.06947633825933286,
            -0.96761362455609,
            -0.2742422781914866,
            0.8824837917837269,
            -0.8742125340106577,
            -0.961562482689621,
            -0.8282798381000518,
            0.8405786016503034,
            0.5594174337596456,
            0.29904975995800354,
            -0.545950160491564
        ]
    },
    "6": {
        "fitness": [
            0.7276974819728956
        ],
        "individual": [
            -0.8964167584948635,
            -0.4835316690090872,
            -0.01697365389432015,
            -0.8652513897339875,
            0.06947633825933286,
            0.9778978963531493,
            -0.2742422781914866,
            0.8824837917837269,
            -0.8742125340106577,
            -0.961562482689621,
            -0.8282798381000518,
            0.8405786016503034,
            0.5797575834106243,
            0.29904975995800354,
            -0.545950160491564
        ]
    },
    "7": {
        "fitness": [
            0.72769566732158
        ],
        "individual": [
            -0.8947075625794751,
            -0.4835316690090872,
            -0.01697365389432015,
            -0.8652513897339875,
            0.06947633825933286,
            0.9778978963531493,
            -0.2742422781914866,
            0.8824837917837269,
            -0.8742125340106577,
            -0.961562482689621,
            -0.8282798381000518,
            0.8405786016503034,
            0.5797575834106243,
            0.29904975995800354,
            -0.545950160491564
        ]
    },
    "8": {
        "fitness": [
            0.7276181630565914
        ],
        "individual": [
            -0.8947075625794751,
            -0.4835316690090872,
            -0.01697365389432015,
            -0.8652513897339875,
            0.06947633825933286,
            0.9778978963531493,
            -0.2742422781914866,
            0.8824837917837269,
            -0.8742125340106577,
            -0.9656024631894919,
            -0.8282798381000518,
            0.8405786016503034,
            0.5797575834106243,
            0.29904975995800354,
            -0.545950160491564
        ]
    },
    "9": {
        "fitness": [
            0.7276165312539462
        ],
        "individual": [
            -0.9017997224014069,
            -0.4835316690090872,
            -0.01697365389432015,
            -0.8652513897339875,
            0.06947633825933286,
            0.9778978963531493,
            -0.2742422781914866,
            0.8824837917837269,
            -0.8742125340106577,
            -0.961562482689621,
            -0.8282798381000518,
            0.8436776803173185,
            0.5797575834106243,
            0.29904975995800354,
            -0.545950160491564
        ]
    }
}