{
    "config": {
        "0": {
            "position": [
                0.13721125779061238,
                0.6535398256936433
            ],
            "rotation": 0.4487295072012506
        },
        "1": {
            "position": [
                0.39291817669707396,
                0.8750841990540823
            ],
            "rotation": 0.9755956458283996
        },
        "2": {
            "position": [
                0.8728589587741787,
                0.19230067903513304
            ],
            "rotation": 0.22079792120893404
        },
        "3": {
            "position": [
                0.6560738790950633,
                0.2890835816381917
            ],
            "rotation": 0.7347251307805799
        },
        "4": {
            "position": [
                0.5664206508096447,
                0.5509087684904029
            ],
            "rotation": 0.8285469248387858
        },
        "5": {
            "position": [
                0.7105327717426778,
                0.026577764997291697
            ],
            "rotation": 0.049459137146015686
        }
    },
    "creator": "Hendrik Unger",
    "fitness": 0.5029859136876851,
    "individual": [
        0.13721125779061238,
        0.6535398256936433,
        0.4487295072012506,
        0.39291817669707396,
        0.8750841990540823,
        0.9755956458283996,
        0.8728589587741787,
        0.19230067903513304,
        0.22079792120893404,
        0.6560738790950633,
        0.2890835816381917,
        0.7347251307805799,
        0.5664206508096447,
        0.5509087684904029,
        0.8285469248387858,
        0.7105327717426778,
        0.026577764997291697,
        0.049459137146015686
    ],
    "problem_id": "02"
}