{
    "config": {
        "02JYduEIrCBRm_KKo_Oi7d": {
            "position": [
                0.41779900554154237,
                -0.5744697766684912
            ],
            "rotation": 3.141592653589793
        },
        "0JaatFTSH50fUibXvmo$no": {
            "position": [
                -0.7507211849433191,
                0.2332209049079883
            ],
            "rotation": 3.141592653589793
        },
        "0giLZitnH5hQfTuhv93ZiZ": {
            "position": [
                -0.7434352880559982,
                0.808513782485617
            ],
            "rotation": 3.141592653589793
        },
        "0irX4ws0jAFRktzk5IV4z6": {
            "position": [
                -0.7369305084598754,
                -0.6226210771355649
            ],
            "rotation": 3.141592653589793
        },
        "0jf10cyBj53AuFbWgV1qrg": {
            "position": [
                -0.17944941999249597,
                -0.4677802665213352
            ],
            "rotation": 3.141592653589793
        },
        "0yvFLRYLT7s8nt5GJbb4TU": {
            "position": [
                0.3114646293943504,
                -0.5575383183825645
            ],
            "rotation": 3.141592653589793
        },
        "1S9i9c6kTFZfMn_0B$IhF6": {
            "position": [
                -0.6510347834624547,
                -0.1587958691706468
            ],
            "rotation": 3.141592653589793
        },
        "1iu2d73$XDhBEd9kVNJTUQ": {
            "position": [
                -0.5423427619556733,
                0.48932619789423293
            ],
            "rotation": 3.141592653589793
        },
        "1myUnG6O94MhW9ETWNDVe7": {
            "position": [
                -0.2520257111485976,
                0.2545278636023005
            ],
            "rotation": 3.141592653589793
        },
        "200Fg1g7T8IgKJU8Lw71zB": {
            "position": [
                0.8915030593649889,
                -0.14864713983339284
            ],
            "rotation": 3.141592653589793
        },
        "20BgoQYsjB5hFMgeHODlNh": {
            "position": [
                0.2069409414675305,
                -0.5131774538779992
            ],
            "rotation": 3.141592653589793
        },
        "22wZQdVEjFYudHqFUmsO$i": {
            "position": [
                -0.14128037841743435,
                0.19636975303017445
            ],
            "rotation": 3.141592653589793
        },
        "2zjQgb3KbEnuwZH$qrWIKt": {
            "position": [
                0.7574448477935118,
                -0.6746305867664335
            ],
            "rotation": 3.141592653589793
        },
        "3CGDFqnBbFLef6lOWIlR8W": {
            "position": [
                -0.9120552741174887,
                -0.07124479105555248
            ],
            "rotation": 3.141592653589793
        },
        "3FB1$OSz51kv6mVS3OGfOH": {
            "position": [
                -0.8766084378599849,
                -0.5027362640859527
            ],
            "rotation": 3.141592653589793
        },
        "3FCfD1M_H3_wRdlo7Ey3oC": {
            "position": [
                -0.9341744657662239,
                0.3105128796919878
            ],
            "rotation": 3.141592653589793
        },
        "3HpAFNB2f8$AwkKM65PJnt": {
            "position": [
                0.44020201584968266,
                0.29081936484540605
            ],
            "rotation": 3.141592653589793
        },
        "3IweaRm396JxiilLZtlXhT": {
            "position": [
                0.4433343531600549,
                0.4976857015016851
            ],
            "rotation": 3.141592653589793
        },
        "3Zs4bYZXXAsvJMkoJuvxNr": {
            "position": [
                -0.4180720806129722,
                0.38020676148645793
            ],
            "rotation": 3.141592653589793
        },
        "3dBcFSCuH5Y8xFXgWvFOO$": {
            "position": [
                0.7433488154341137,
                0.7891044349730905
            ],
            "rotation": 3.141592653589793
        },
        "3fOxsf5NX4d8g1120$9JOc": {
            "position": [
                0.16123777863740418,
                -0.13639742067372163
            ],
            "rotation": 3.141592653589793
        },
        "3xX7VSWbPDg8j$eIVRpyN9": {
            "position": [
                -0.8403792782915314,
                0.618978235366284
            ],
            "rotation": 3.141592653589793
        }
    },
    "creator": "FactorySimLive"
}