{
    "0": {
        "position": [
            6652.223618471735,
            7247.863438429729
        ],
        "rotation": 4.284566303181587
    },
    "1": {
        "position": [
            6608.688959487045,
            7328.8598660892
        ],
        "rotation": 3.3477582149895246
    },
    "2": {
        "position": [
            497.11683754949615,
            2218.798350962668
        ],
        "rotation": 4.549342956071088
    },
    "3": {
        "position": [
            215.7783666575351,
            65.19101957739237
        ],
        "rotation": 5.454696533805648
    },
    "4": {
        "position": [
            2653.8922034777524,
            4006.32761704978
        ],
        "rotation": 5.0137148086721695
    },
    "5": {
        "position": [
            1753.2412189254683,
            5612.947136930241
        ],
        "rotation": 5.166865605305155
    }
}